duong_dan,nhom,luot_nhap_16t,luot_hien_thi_16t,backlink,ma_hien_tai
/sp/mũ-bảo-hiẻm-3-4-ls2-bob-of601.html,San pham cu,13,645,1 link / 1 web,400
/sp/giay-bao-ho-forma-legacy-dry.html,San pham cu,12,278,khong,404
/sp/quan-giap-bao-ho-furygan-duke-bukser.html,San pham cu,12,232,khong,404
/sp/ao-bao-ho-moto-oneal-underdog-protector-jacket-v-24-black.html,San pham cu,11,779,khong,404
/sp/giap-chan-komine-sk690.html,San pham cu,11,734,khong,404
/sp/quan-bao-ho-ls2-norway.html,San pham cu,11,499,khong,404
/sp/ao-bao-ho-skype-paris.html,San pham cu,11,207,khong,404
/sp/phu-kien-day-rang-tui-kriega-us.html,San pham cu,11,83,khong,404
/sp/quan-giap-jean-scoyco-p066.html,San pham cu,10,479,khong,404
/sp/giay-bao-ho-chong-nuoc-komine-bk-067.html,San pham cu,10,261,khong,404
/sp/giap-goi-ls2-rookie.html,San pham cu,10,232,khong,404
/sp/ong-tay-chong-nang-ls2.html,San pham cu,9,591,khong,404
/sp/ao-bao-ho-nu-scoyco-jk158w.html,San pham cu,9,491,khong,404
/sp/ao-bao-ho-touring-rjays.html,San pham cu,9,266,khong,404
/sp/gang-tay-mo-to-ilm-thoang-khi-cho-nam-va-nu-jc36.html,San pham cu,9,205,khong,404
/sp/phu-kien-kinh-ram-vang-mt-snake-carbon.html,San pham cu,9,178,khong,404
/color/nerve,Bo loc co/mau,9,144,khong,404
/danh-muc-san-pham/mu-bao-hiem-lat-ham-thao-ham,Danh muc kieu cu,9,71,khong,404
/sp/ao-mua-bo-danh-cho-suit-da-1-2-manh-furygan.html,San pham cu,8,397,khong,404
/sp/quan-lot-mac-trong-giap-sixs-super-light-italy.html,San pham cu,8,323,khong,404
/sp/gang-tay-ls2-swift-racing.html,San pham cu,7,1298,khong,404
/sp/tui-deo-dui-cucyma-c01.html,San pham cu,7,160,khong,404
/sp/ba-lo-xo-taichi-rsb290-wp-bucket-backpack-chong-nuoc.html,San pham cu,6,343,khong,404
/sp/mu-bao-hiem-3-4-hjc-i40n-chuan-ece-06-2.html,San pham cu,6,310,khong,404
/sp/tui-deo-dui-chong-nuoc-komine-sa-245.html,San pham cu,5,165,khong,404
/sp/ao-quan-giap-bao-ho-ls2-apollo-man.html,San pham cu,4,223,khong,404
/sp/quadlock-vibration-damperner-giam-rung-chong-hu-camera-dien-thoai.html,San pham cu,4,182,khong,404
/sp/gang-tay-bao-ho-komine-gk-257.html,San pham cu,4,70,khong,404
/sp/gang-tay-taichi-rst461-wrx-air.html,San pham cu,4,69,khong,404
/sp/kinh-thay-ls2-ff327-challenger-phu-kien-fullface.html,San pham cu,4,60,khong,404
/sp/bao-ve-goi-taichi-trv080.html,San pham cu,4,32,khong,404
/sp/gang-tay-bao-ho-komine-gk-1683.html,San pham cu,3,281,khong,404
/size/wm,Bo loc co/mau,3,236,khong,404
/sp/tui-chong-nuoc-sw-motech-drybag-700-tail-bag.html,San pham cu,3,183,khong,404
/sp/ao-bao-ho-ls2-norway.html,San pham cu,3,113,khong,404
/sp/quan-mua-furygan-over-pant.html,San pham cu,3,59,khong,404
/sp/khan-trum-dau-ego-balaclava.html,San pham cu,3,48,khong,404
/sp/ao-da-tui-khi-helite-roadster.html,San pham cu,3,5,khong,404
/color/do,Bo loc co/mau,2,832,khong,404
/color/trang,Bo loc co/mau,2,672,khong,404
/sp/quan-bao-ho-cho-nu-ls2-router.html,San pham cu,2,227,khong,404
/sp/giay-adv-touring-chong-nuoc-gaerne-g-stelvio-aquatech.html,San pham cu,2,147,khong,404
/size/xxl/page/4,Bo loc co/mau,2,137,khong,404
/sp/mu-bao-hiem-ls2-ff900-valiants-ii-codex-flip-up.html,San pham cu,2,107,khong,404
/sp/ao-bao-ho-ls2-cho-nu-bullet.html,San pham cu,2,105,khong,404
/sp/quan-bao-ho-ls2-apollo-man.html,San pham cu,2,96,khong,404
/size/l/page/2,Bo loc co/mau,2,90,khong,404
/color/den-camo,Bo loc co/mau,2,80,khong,404
/size/m/page/2,Bo loc co/mau,2,78,khong,404
/sp/falcon-f24-non-nua-dau-carbon-co-dien.html,San pham cu,2,73,khong,404
/size/s/page/3,Bo loc co/mau,2,59,khong,404
/sp/gang-tay-chong-nang-komine-ak-313.html,San pham cu,2,51,khong,404
/sp/mu-bao-hiem-agv-streetmodular-dot-ece-22-06.html,San pham cu,2,22,khong,404
/product/mu-bao-hiem-dual-sport-caberg-tanami-carbon-2in1,San pham cu,2,12,khong,404
/sp/quan-bao-ho-ls2-commo-air-cho-nam-va-nu.html,San pham cu,1,688,khong,404
/size/m,Bo loc co/mau,1,340,khong,404
/size/34,Bo loc co/mau,1,255,khong,404
/size/s,Bo loc co/mau,1,194,khong,404
/chinh-sach-bao-ve-thong-tin-ca-nhan.html,Rac website cu,1,167,khong,404
/size/42,Bo loc co/mau,1,163,khong,404
/en/en/clothing-motorcycle/leather-jackets-suit.html,Rac website cu,1,133,khong,404
/sp/hang-oder-mu-bao-hiem-lat-ham-agv-streetmodular-dot-ece22-06.html,San pham cu,1,112,khong,404
/sp/giay-bao-ho-augi-ar2-racing-motorcycle-boots.html,San pham cu,1,111,khong,404
/sp/quan-bao-ho-jean-ls2-dakota-cho-nu.html,San pham cu,1,106,khong,404
/sp/mu-bao-hiem-dual-sport-ilm-ws-902.html,San pham cu,1,103,khong,404
/sp/ao-bao-ho-touring-seventy-degrees-sd-jt43-winter.html,San pham cu,1,98,khong,404
/size/36,Bo loc co/mau,1,96,khong,404
/sp/tui-deo-hong-givi-ea108b.html,San pham cu,1,68,khong,404
/sp/tui-treo-hong-xe-givi-ae101b.html,San pham cu,1,62,khong,404
/sp/mu-bao-hiem-ls2-mx471.html,San pham cu,1,49,khong,404
/wp-admin/admin.php?page=wpseo_dashboard,Rac website cu,1,45,khong,404
/sp/ao-bao-ho-rs-taichi-rsj347-overlap-mesh-parka.html,San pham cu,1,42,khong,404
/sp/tui-deo-dui-givi-ea109b.html,San pham cu,1,37,khong,404
/sp/giap-goi-komine-sk-825-ce-level-2.html,San pham cu,1,28,khong,404
/sp/tui-chong-nuoc-kriega-us-combo-40-drypack-nhap-anh.html,San pham cu,1,23,khong,404
/brand/kriega.html?pwb-brand=kriega,Thuong hieu,1,19,khong,404
/sp/giay-forma-touring-arbo-dry.html,San pham cu,1,15,khong,404
/sp/non-bao-hiem-ilm-ws902.html,San pham cu,1,14,khong,404
/sp/tui-deo-hong-sw-motech-20-mavi.html,San pham cu,1,12,khong,404
/product/mu-bao-hiem-nua-dau-cho-nguoi-di-xe-may-hjc-is2v,San pham cu,1,11,khong,404
/size/xxl/?paged=2,Bo loc co/mau,1,9,khong,404
/brand/ls2.html/page/3,Thuong hieu,1,6,khong,404
/brands/alpinestars,Thuong hieu,1,5,khong,404
/brands/enduristan,Thuong hieu,1,4,khong,404
/sp/suit-da-1-manh-alpinestars-gp-force.html?gStoreCode=16156049546093849480&amp;gQT=1,San pham cu,1,1,khong,404
/home,Rac website cu,0,91,khong,404
/danh-muc-san-pham/chua-phan-loai,Danh muc kieu cu,0,70,khong,404
/en/sp/dual-sport-ws-902-helmet-dual-visor-rally-off-road-specialist.html,San pham cu,0,55,khong,404
/brand/quadlock.html,Thuong hieu,0,49,khong,404
/sp/ao-bao-ho-xe-may-motor-danh-cho-nu-ls2-zoom-lady.html,San pham cu,0,47,khong,404
/danh-muc-san-pham/mu-bao-hiem-fullface,Danh muc kieu cu,0,45,khong,404
/size/xxl/page/2,Bo loc co/mau,0,43,khong,404
/size/xxl,Bo loc co/mau,0,38,khong,404
/cac-dieu-kien-va-dieu-khoan.html,Rac website cu,0,34,khong,404
/color/den-do,Bo loc co/mau,0,29,khong,404
