Loại dòng (Sản phẩm chính / Biến thể),Mã sản phẩm nội bộ,SKU / mã model sản phẩm,SKU bán hàng thực tế,Tên sản phẩm - Tiếng Việt,Tên sản phẩm - Tiếng Anh,Đường dẫn (slug) - Tiếng Việt,Danh mục (slug),Thương hiệu (slug),Giới tính mục tiêu (Nam / Nữ / Unisex / để trống),Trạng thái đăng (Nháp / Đã xuất bản / Ẩn / Thùng rác),Thuộc tính biến thể #1 - Tên,Thuộc tính biến thể #1 - Giá trị,Thuộc tính biến thể #2 - Tên,Thuộc tính biến thể #2 - Giá trị,Thuộc tính biến thể #3 - Tên,Thuộc tính biến thể #3 - Giá trị,Giá bán lẻ - VNĐ,Giá sale - VNĐ (để trống nếu không giảm giá; phải nhỏ hơn Giá bán lẻ),"Tình trạng kho (Còn hàng / Hết hàng) - công tắc thủ công, KHÔNG nhập số lượng",Ẩn cưỡng bức khỏi bán dù đang Còn hàng (Có / Không),Ảnh đại diện - URL,Ảnh đại diện - alt text,Thư viện ảnh sản phẩm - nhiều URL cách nhau bằng dấu |,Ảnh đại diện riêng của biến thể theo màu - URL,Ảnh đại diện riêng của biến thể - alt text,Thư viện ảnh riêng của biến thể - nhiều URL cách nhau bằng dấu |,Mô tả ngắn - Tiếng Việt (HTML),Mô tả ngắn - Tiếng Anh (HTML),Mô tả chi tiết - Tiếng Việt (HTML thô - giữ nguyên thẻ),Mô tả chi tiết - Tiếng Anh (HTML thô),Bảng thông số kỹ thuật - Tiếng Việt (HTML thô - nguồn hiển thị duy nhất trên web),Bảng thông số kỹ thuật - Tiếng Anh (HTML thô),Bảng size - Tiếng Việt (HTML thô),Bảng size - Tiếng Anh (HTML thô),SEO - Tiêu đề trang - Tiếng Việt,SEO - Tiêu đề trang - Tiếng Anh,SEO - Mô tả trang (meta description) - Tiếng Việt,SEO - Mô tả trang - Tiếng Anh,SEO - Canonical URL,SEO - Ảnh chia sẻ mạng xã hội (og:image) - URL,"Sản phẩm liên quan (SKU, nhiều SKU cách nhau bằng |)","Phụ kiện bán kèm (SKU, nhiều SKU cách nhau bằng |)"
SẢN PHẨM CHÍNH,TNB-SCS-CAMS,TNB-SCS-CAMS,TNB-SCS-CAMS,SCS CAM-S,SCS CAM-S,scs-cam-s,tai-nghe-bluetooth-mu-bao-hiem,scs,,Đã xuất bản,,,,,,,3290000,,Còn hàng,Không,https://media.bigbike.vn/bigbike-media/wp-uploads/2025/11/CAMERA-HANH-TRINH-GAN-XE-GAN-MU-BAO-HIEM-SCS-CAM-S-01.jpg,,https://media.bigbike.vn/bigbike-media/wp-uploads/2025/11/z7377752926439_0bb1f708302debdf8f35ec47df77bf1d.jpg|https://media.bigbike.vn/bigbike-media/wp-uploads/2025/11/z7493139711866_3939b176029cc402f9919f5a5b7fbdd5.jpg|https://media.bigbike.vn/bigbike-media/wp-uploads/2025/11/z7493139513657_97a4a6ae2fb89ac591a4226d913e249a.jpg|https://media.bigbike.vn/bigbike-media/wp-uploads/2025/11/z7493153726565_e82e30bdfb3b8953d3ba0ccef3cc7f24.jpg,,,,"<p>•<span>&nbsp;&nbsp;&nbsp;&nbsp;&nbsp;&nbsp;&nbsp;&nbsp;&nbsp; </span><span style=""color: rgb(51, 51, 51);"">Quay liên tục 10h khi vừa sạc vừa quay— đủ cho 1 ngày shipper hoặc tour 2 ngày</span></p><p>•<span>&nbsp;&nbsp;&nbsp;&nbsp;&nbsp;&nbsp;&nbsp;&nbsp;&nbsp; </span><span style=""color: rgb(51, 51, 51);"">Full HD 1080p góc rộng — ghi lại biển số, tình huống va chạm, bằng chứng giao thông</span></p><p>•<span>&nbsp;&nbsp;&nbsp;&nbsp;&nbsp;&nbsp;&nbsp;&nbsp;&nbsp; </span><span style=""color: rgb(51, 51, 51);"">IP67 chống nước + gắn được trên mũ fullface, 3/4, lật hàm và xe máy</span></p>","<p>•<span>&nbsp;&nbsp;&nbsp;&nbsp;&nbsp;&nbsp;&nbsp;&nbsp;&nbsp; </span><span style=""color: rgb(51, 51, 51);"">10-hour continuous recording when plugged in — covers a full shipper shift or 2-day tour</span></p><p>•<span>&nbsp;&nbsp;&nbsp;&nbsp;&nbsp;&nbsp;&nbsp;&nbsp;&nbsp; </span><span style=""color: rgb(51, 51, 51);"">Full HD 1080p wide angle — captures licence plates, collision incidents, road evidence</span></p><p>•<span>&nbsp;&nbsp;&nbsp;&nbsp;&nbsp;&nbsp;&nbsp;&nbsp;&nbsp; </span><span style=""color: rgb(51, 51, 51);"">IP67 waterproof + mounts on fullface, 3/4, flip helmets and motorcycle handlebars</span></p>",,,"<div style=""font-family:Arial,Helvetica,sans-serif;font-size:18px;color:#111111;max-width:100%;"">

  <h2 style=""font-family:'Barlow Condensed',Arial,sans-serif;font-size:22px;font-weight:bold;text-transform:uppercase;color:#F90606 !important;margin:0 0 8px 0;letter-spacing:0.5px;"">THÔNG SỐ KỸ THUẬT</h2>
  <p style=""font-size:14px;color:#6f6f6f !important;margin:0 0 16px 0;font-style:italic;"">""Lái đúng - bằng chứng đúng""</p>

  <table style=""width:100%;border-collapse:collapse;font-family:Arial,Helvetica,sans-serif;font-size:18px;margin:0 0 24px 0;"">
    <thead>
      <tr>
        <th style=""padding:12px 16px;border:1px solid #dddddd;background-color:#f5f5f5;font-weight:bold;color:#111111 !important;text-align:left;width:38%;"">Thông số</th>
        <th style=""padding:12px 16px;border:1px solid #dddddd;background-color:#f5f5f5;font-weight:bold;color:#111111 !important;text-align:left;"">Chi tiết</th>
      </tr>
    </thead>
    <tbody>
      <tr>
        <td style=""padding:12px 16px;border:1px solid #dddddd;font-weight:bold;color:#111111 !important;"">Thương hiệu</td>
        <td style=""padding:12px 16px;border:1px solid #dddddd;color:#111111 !important;"">SCS (SUCCESS ETC TECHNOLOGY CO., LTD — Trung Quốc)</td>
      </tr>
      <tr>
        <td style=""padding:12px 16px;border:1px solid #dddddd;font-weight:bold;color:#111111 !important;"">Model</td>
        <td style=""padding:12px 16px;border:1px solid #dddddd;color:#111111 !important;"">Cam-S</td>
      </tr>
      <tr>
        <td style=""padding:12px 16px;border:1px solid #dddddd;font-weight:bold;color:#111111 !important;"">Loại</td>
        <td style=""padding:12px 16px;border:1px solid #dddddd;color:#111111 !important;"">Camera giám sát hành trình gắn mũ bảo hiểm / xe máy</td>
      </tr>
      <tr>
        <td style=""padding:12px 16px;border:1px solid #dddddd;font-weight:bold;color:#111111 !important;"">Độ phân giải</td>
        <td style=""padding:12px 16px;border:1px solid #dddddd;color:#111111 !important;""><strong style=""color:#F90606 !important;"">Full HD 1080p</strong></td>
      </tr>
      <tr>
        <td style=""padding:12px 16px;border:1px solid #dddddd;font-weight:bold;color:#111111 !important;"">Góc quay</td>
        <td style=""padding:12px 16px;border:1px solid #dddddd;color:#111111 !important;"">Góc rộng — [Bigbike kiểm tra bổ sung số độ chính xác]</td>
      </tr>
      <tr>
        <td style=""padding:12px 16px;border:1px solid #dddddd;font-weight:bold;color:#111111 !important;"">Thời lượng quay</td>
        <td style=""padding:12px 16px;border:1px solid #dddddd;color:#111111 !important;"">
          <span style=""display:block;""><strong style=""color:#F90606 !important;"">10 giờ liên tục</strong> khi vừa sạc vừa quay</span>
          <span style=""display:block;margin-top:4px;font-size:14px;color:#6f6f6f !important;"">Pin máy (không cắm sạc): [Bigbike kiểm tra bổ sung]</span>
        </td>
      </tr>
      <tr>
        <td style=""padding:12px 16px;border:1px solid #dddddd;font-weight:bold;color:#111111 !important;"">Chuẩn chống nước</td>
        <td style=""padding:12px 16px;border:1px solid #dddddd;color:#111111 !important;""><strong style=""color:#F90606 !important;"">IP67</strong> — ngâm sâu 1m trong 30 phút</td>
      </tr>
      <tr>
        <td style=""padding:12px 16px;border:1px solid #dddddd;font-weight:bold;color:#111111 !important;"">Kết nối</td>
        <td style=""padding:12px 16px;border:1px solid #dddddd;color:#111111 !important;"">App <strong style=""color:#111111 !important;"">ROADCam</strong> (iOS / Android) qua WiFi</td>
      </tr>
      <tr>
        <td style=""padding:12px 16px;border:1px solid #dddddd;font-weight:bold;color:#111111 !important;"">Thẻ nhớ</td>
        <td style=""padding:12px 16px;border:1px solid #dddddd;color:#111111 !important;"">
          <span style=""display:block;"">MicroSD — tối đa [Bigbike kiểm tra bổ sung] GB</span>
          <span style=""display:block;margin-top:4px;font-size:14px;color:#6f6f6f !important;"">Ghi đè tự động (loop recording) khi thẻ đầy</span>
          <span style=""display:block;margin-top:4px;font-size:14px;color:#111111 !important;"">32GB ≈ 3–4h &nbsp;·&nbsp; 64GB ≈ 6–8h &nbsp;·&nbsp; 128GB ≈ 10–12h</span>
        </td>
      </tr>
      <tr>
        <td style=""padding:12px 16px;border:1px solid #dddddd;font-weight:bold;color:#111111 !important;"">Vừa sạc vừa quay</td>
        <td style=""padding:12px 16px;border:1px solid #dddddd;color:#111111 !important;""><strong style=""color:#111111 !important;"">Có</strong></td>
      </tr>
      <tr>
        <td style=""padding:12px 16px;border:1px solid #dddddd;font-weight:bold;color:#111111 !important;"">Chống rung</td>
        <td style=""padding:12px 16px;border:1px solid #dddddd;color:#111111 !important;"">
          Cơ bản
          <span style=""display:block;font-size:14px;color:#6f6f6f !important;margin-top:4px;"">Không phải EIS điện tử mạnh như action cam chuyên dụng</span>
        </td>
      </tr>
      <tr>
        <td style=""padding:12px 16px;border:1px solid #dddddd;font-weight:bold;color:#111111 !important;"">Tương thích gắn</td>
        <td style=""padding:12px 16px;border:1px solid #dddddd;color:#111111 !important;"">Mũ fullface &nbsp;·&nbsp; Mũ 3/4 &nbsp;·&nbsp; Mũ lật hàm &nbsp;·&nbsp; Xe máy &nbsp;·&nbsp; Xe đạp</td>
      </tr>
      <tr>
        <td style=""padding:12px 16px;border:1px solid #dddddd;font-weight:bold;color:#111111 !important;"">Intercom / Âm thanh</td>
        <td style=""padding:12px 16px;border:1px solid #dddddd;color:#111111 !important;"">
          <strong style=""color:#F90606 !important;"">Không có</strong>
          <span style=""display:block;font-size:14px;color:#6f6f6f !important;margin-top:4px;"">Camera thuần túy — không thay thế tai nghe</span>
        </td>
      </tr>
      <tr>
        <td style=""padding:12px 16px;border:1px solid #dddddd;font-weight:bold;color:#111111 !important;"">Size</td>
        <td style=""padding:12px 16px;border:1px solid #dddddd;color:#6f6f6f !important;"">Không phân size</td>
      </tr>
      <tr>
        <td style=""padding:12px 16px;border:1px solid #dddddd;font-weight:bold;color:#111111 !important;"">Màu</td>
        <td style=""padding:12px 16px;border:1px solid #dddddd;color:#111111 !important;"">[Bigbike kiểm tra bổ sung]</td>
      </tr>
      <tr>
        <td style=""padding:12px 16px;border:1px solid #dddddd;font-weight:bold;color:#111111 !important;"">Trọng lượng</td>
        <td style=""padding:12px 16px;border:1px solid #dddddd;color:#6f6f6f !important;"">[Bigbike kiểm tra bổ sung — cân thực tế tại shop]</td>
      </tr>
      <tr>
        <td style=""padding:12px 16px;border:1px solid #dddddd;font-weight:bold;color:#111111 !important;"">Xuất xứ thương hiệu</td>
        <td style=""padding:12px 16px;border:1px solid #dddddd;color:#111111 !important;"">Thương hiệu Trung Quốc</td>
      </tr>
      <tr>
        <td style=""padding:12px 16px;border:1px solid #dddddd;font-weight:bold;color:#111111 !important;"">Sản xuất tại</td>
        <td style=""padding:12px 16px;border:1px solid #dddddd;color:#111111 !important;"">Trung Quốc</td>
      </tr>
      <tr>
        <td style=""padding:12px 16px;border:1px solid #dddddd;font-weight:bold;color:#111111 !important;"">Bảo hành</td>
        <td style=""padding:12px 16px;border:1px solid #dddddd;color:#111111 !important;"">
          <strong style=""color:#111111 !important;"">24 tháng</strong> lỗi kỹ thuật tại BigBike qua 4T Hitek
          <span style=""display:block;font-size:14px;color:#6f6f6f !important;margin-top:4px;"">Không BH: va đập, cấn, móp, bể vỏ, vào nước sau khi vỏ đã nứt</span>
        </td>
      </tr>
      <tr>
        <td style=""padding:12px 16px;border:1px solid #dddddd;font-weight:bold;color:#111111 !important;"">Giá</td>
        <td style=""padding:12px 16px;border:1px solid #dddddd;color:#111111 !important;""><strong style=""font-size:22px;color:#F90606 !important;"">3.290.000đ</strong></td>
      </tr>
    </tbody>
  </table>

  <div style=""border:1px solid #dddddd;border-left:4px solid #F90606;padding:16px;background-color:#ffffff;"">
    <p style=""font-size:14px;color:#111111 !important;margin:0 0 8px 0;line-height:1.7;"">
      <strong style=""color:#F90606 !important;"">Lưu ý quan trọng:</strong> SCS Cam-S là camera giám sát hành trình — không phải camera action hay camera vlog.
    </p>
    <p style=""font-size:14px;color:#333333 !important;margin:0;line-height:1.7;"">
      Điểm mạnh là ghi liên tục, bằng chứng tin cậy, giá hợp lý. Không so sánh chất lượng hình ảnh với GoPro hay DJI — đó là hai dòng sản phẩm khác nhau về mục đích.
    </p>
  </div>

</div>","<div style=""font-family:Arial,Helvetica,sans-serif;font-size:18px;color:#111111;max-width:100%;"">

  <h2 style=""font-family:'Barlow Condensed',Arial,sans-serif;font-size:22px;font-weight:bold;text-transform:uppercase;color:#F90606 !important;margin:0 0 8px 0;letter-spacing:0.5px;"">TECHNICAL SPECIFICATIONS</h2>
  <p style=""font-size:14px;color:#6f6f6f !important;margin:0 0 16px 0;font-style:italic;"">""Lái đúng - bằng chứng đúng"" (Ride right, get it right)</p>

  <table style=""width:100%;border-collapse:collapse;font-family:Arial,Helvetica,sans-serif;font-size:18px;margin:0 0 24px 0;"">
    <thead>
      <tr>
        <th style=""padding:12px 16px;border:1px solid #dddddd;background-color:#f5f5f5;font-weight:bold;color:#111111 !important;text-align:left;width:38%;"">Specification</th>
        <th style=""padding:12px 16px;border:1px solid #dddddd;background-color:#f5f5f5;font-weight:bold;color:#111111 !important;text-align:left;"">Detail</th>
      </tr>
    </thead>
    <tbody>
      <tr>
        <td style=""padding:12px 16px;border:1px solid #dddddd;font-weight:bold;color:#111111 !important;"">Brand</td>
        <td style=""padding:12px 16px;border:1px solid #dddddd;color:#111111 !important;"">SCS (SUCCESS ETC TECHNOLOGY CO., LTD — China)</td>
      </tr>
      <tr>
        <td style=""padding:12px 16px;border:1px solid #dddddd;font-weight:bold;color:#111111 !important;"">Model</td>
        <td style=""padding:12px 16px;border:1px solid #dddddd;color:#111111 !important;"">Cam-S</td>
      </tr>
      <tr>
        <td style=""padding:12px 16px;border:1px solid #dddddd;font-weight:bold;color:#111111 !important;"">Type</td>
        <td style=""padding:12px 16px;border:1px solid #dddddd;color:#111111 !important;"">Helmet / motorcycle dash camera for road surveillance</td>
      </tr>
      <tr>
        <td style=""padding:12px 16px;border:1px solid #dddddd;font-weight:bold;color:#111111 !important;"">Resolution</td>
        <td style=""padding:12px 16px;border:1px solid #dddddd;color:#111111 !important;""><strong style=""color:#F90606 !important;"">Full HD 1080p</strong></td>
      </tr>
      <tr>
        <td style=""padding:12px 16px;border:1px solid #dddddd;font-weight:bold;color:#111111 !important;"">Field of view</td>
        <td style=""padding:12px 16px;border:1px solid #dddddd;color:#111111 !important;"">Wide angle — [Bigbike to verify exact degree]</td>
      </tr>
      <tr>
        <td style=""padding:12px 16px;border:1px solid #dddddd;font-weight:bold;color:#111111 !important;"">Recording time</td>
        <td style=""padding:12px 16px;border:1px solid #dddddd;color:#111111 !important;"">
          <span style=""display:block;""><strong style=""color:#F90606 !important;"">10 hours continuous</strong> when charging while recording</span>
          <span style=""display:block;margin-top:4px;font-size:14px;color:#6f6f6f !important;"">Battery-only runtime (not plugged in): [Bigbike to verify]</span>
        </td>
      </tr>
      <tr>
        <td style=""padding:12px 16px;border:1px solid #dddddd;font-weight:bold;color:#111111 !important;"">Water resistance</td>
        <td style=""padding:12px 16px;border:1px solid #dddddd;color:#111111 !important;""><strong style=""color:#F90606 !important;"">IP67</strong> — submerged 1m for 30 minutes</td>
      </tr>
      <tr>
        <td style=""padding:12px 16px;border:1px solid #dddddd;font-weight:bold;color:#111111 !important;"">Connectivity</td>
        <td style=""padding:12px 16px;border:1px solid #dddddd;color:#111111 !important;""><strong style=""color:#111111 !important;"">ROADCam</strong> app (iOS / Android) via WiFi</td>
      </tr>
      <tr>
        <td style=""padding:12px 16px;border:1px solid #dddddd;font-weight:bold;color:#111111 !important;"">Memory card</td>
        <td style=""padding:12px 16px;border:1px solid #dddddd;color:#111111 !important;"">
          <span style=""display:block;"">MicroSD — up to [Bigbike to verify] GB</span>
          <span style=""display:block;margin-top:4px;font-size:14px;color:#6f6f6f !important;"">Automatic loop recording when card is full</span>
          <span style=""display:block;margin-top:4px;font-size:14px;color:#111111 !important;"">32GB ≈ 3–4h &nbsp;·&nbsp; 64GB ≈ 6–8h &nbsp;·&nbsp; 128GB ≈ 10–12h</span>
        </td>
      </tr>
      <tr>
        <td style=""padding:12px 16px;border:1px solid #dddddd;font-weight:bold;color:#111111 !important;"">Charge while recording</td>
        <td style=""padding:12px 16px;border:1px solid #dddddd;color:#111111 !important;""><strong style=""color:#111111 !important;"">Yes</strong></td>
      </tr>
      <tr>
        <td style=""padding:12px 16px;border:1px solid #dddddd;font-weight:bold;color:#111111 !important;"">Image stabilisation</td>
        <td style=""padding:12px 16px;border:1px solid #dddddd;color:#111111 !important;"">
          Basic
          <span style=""display:block;font-size:14px;color:#6f6f6f !important;margin-top:4px;"">Not strong electronic EIS like a dedicated action camera</span>
        </td>
      </tr>
      <tr>
        <td style=""padding:12px 16px;border:1px solid #dddddd;font-weight:bold;color:#111111 !important;"">Compatible mounts</td>
        <td style=""padding:12px 16px;border:1px solid #dddddd;color:#111111 !important;"">Fullface &nbsp;·&nbsp; Open-face (3/4) &nbsp;·&nbsp; Flip-front helmet &nbsp;·&nbsp; Motorcycle &nbsp;·&nbsp; Bicycle</td>
      </tr>
      <tr>
        <td style=""padding:12px 16px;border:1px solid #dddddd;font-weight:bold;color:#111111 !important;"">Intercom / Audio</td>
        <td style=""padding:12px 16px;border:1px solid #dddddd;color:#111111 !important;"">
          <strong style=""color:#F90606 !important;"">None</strong>
          <span style=""display:block;font-size:14px;color:#6f6f6f !important;margin-top:4px;"">Camera only — does not replace a headset</span>
        </td>
      </tr>
      <tr>
        <td style=""padding:12px 16px;border:1px solid #dddddd;font-weight:bold;color:#111111 !important;"">Size</td>
        <td style=""padding:12px 16px;border:1px solid #dddddd;color:#6f6f6f !important;"">No size</td>
      </tr>
      <tr>
        <td style=""padding:12px 16px;border:1px solid #dddddd;font-weight:bold;color:#111111 !important;"">Colour</td>
        <td style=""padding:12px 16px;border:1px solid #dddddd;color:#111111 !important;"">[Bigbike to verify]</td>
      </tr>
      <tr>
        <td style=""padding:12px 16px;border:1px solid #dddddd;font-weight:bold;color:#111111 !important;"">Weight</td>
        <td style=""padding:12px 16px;border:1px solid #dddddd;color:#6f6f6f !important;"">[Bigbike to verify — in-store weighing needed]</td>
      </tr>
      <tr>
        <td style=""padding:12px 16px;border:1px solid #dddddd;font-weight:bold;color:#111111 !important;"">Brand origin</td>
        <td style=""padding:12px 16px;border:1px solid #dddddd;color:#111111 !important;"">Chinese brand</td>
      </tr>
      <tr>
        <td style=""padding:12px 16px;border:1px solid #dddddd;font-weight:bold;color:#111111 !important;"">Made in</td>
        <td style=""padding:12px 16px;border:1px solid #dddddd;color:#111111 !important;"">China</td>
      </tr>
      <tr>
        <td style=""padding:12px 16px;border:1px solid #dddddd;font-weight:bold;color:#111111 !important;"">Warranty</td>
        <td style=""padding:12px 16px;border:1px solid #dddddd;color:#111111 !important;"">
          <strong style=""color:#111111 !important;"">24 months</strong> technical defects through BigBike via 4T Hitek
          <span style=""display:block;font-size:14px;color:#6f6f6f !important;margin-top:4px;"">Not covered: impact, crushing, cracked casing, water damage after housing compromised</span>
        </td>
      </tr>
      <tr>
        <td style=""padding:12px 16px;border:1px solid #dddddd;font-weight:bold;color:#111111 !important;"">Price</td>
        <td style=""padding:12px 16px;border:1px solid #dddddd;color:#111111 !important;""><strong style=""font-size:22px;color:#F90606 !important;"">3,290,000 VND</strong></td>
      </tr>
    </tbody>
  </table>

  <div style=""border:1px solid #dddddd;border-left:4px solid #F90606;padding:16px;background-color:#ffffff;"">
    <p style=""font-size:14px;color:#111111 !important;margin:0 0 8px 0;line-height:1.7;"">
      <strong style=""color:#F90606 !important;"">Important note:</strong> The SCS Cam-S is a road surveillance camera — not an action camera or vlog camera.
    </p>
    <p style=""font-size:14px;color:#333333 !important;margin:0;line-height:1.7;"">
      Its strengths are continuous recording, reliable evidence, and a reasonable price. Don't compare its image quality to GoPro or DJI — those are different product categories built for a different purpose.
    </p>
  </div>

</div>",,,"SCS Cam-S – Camera Giám Sát Hành Trình Xe Máy, IP67 | BigBike","SCS Cam-S – Motorcycle Helmet Dash Cam, IP67, 10h | BigBike","SCS Cam-S camera hành trình gắn mũ Full HD 1080p, quay liên tục 10h (vừa sạc vừa quay), IP67, app ROADCam. Giá 3.290.000đ — lưu bằng chứng mọi tình huống giao thông tại BigBike.","SCS Cam-S helmet dash cam Full HD 1080p, continuous 10h recording (charge-and-record), IP67 waterproof, ROADCam app. 3,290,000 VND — record evidence for every road situation at BigBike.",https://bigbike.vn/product/scs-cam-s,,SCSG7|SCSS12,
SẢN PHẨM CHÍNH,TNB-SCS-S10X,TNB-SCS-S10X,TNB-SCS-S10X,SCS S10X,SCS S10X,scs-s10x,tai-nghe-bluetooth-mu-bao-hiem,scs,,Đã xuất bản,,,,,,,1550000,,Còn hàng,Không,/media/uploads/21b71dc3-0edc-49e2-92da-cae1a74f0785/tai-nghe-bluetooth-intercom-2-nguoi-gan-mu-bao-hiem-scs-s10x-anh-hero.webp,,/media/uploads/21b71dc3-0edc-49e2-92da-cae1a74f0785/tai-nghe-bluetooth-intercom-2-nguoi-gan-mu-bao-hiem-scs-s10x-anh-hero.webp|/media/uploads/3aebdb32-0338-4480-a28d-fe8da1588a69/tai-nghe-bluetooth-intercom-2-nguoi-gan-mu-bao-hiem-scs-s10x-lap-tren-non.webp|/media/uploads/30b1281e-7372-4422-9215-e8e8de790451/tai-nghe-bluetooth-intercom-2-nguoi-gan-mu-bao-hiem-scs-s10x-full-phu-kien.webp,,,,"<p><span style=""color: rgb(51, 51, 51);"">Intercom Bluetooth 2 người 1000m, pin 35 giờ thực tế, IP67 chống nước ngâm. Phân phối chính hãng tại BigBike qua 4T Hitek</span></p>","<p><span style=""color: rgb(51, 51, 51);"">Bluetooth intercom for 2 riders up to 1000m, 35-hour battery per spec, IP67 waterproof. Officially distributed by BigBike through 4T Hitek.</span></p>",,,"<div style=""font-family:Arial,Helvetica,sans-serif;font-size:18px;color:#111111;max-width:100%;"">

  <h2 style=""font-family:'Barlow Condensed',Arial,sans-serif;font-size:22px;font-weight:bold;text-transform:uppercase;color:#F90606 !important;margin:0 0 16px 0;letter-spacing:0.5px;"">THÔNG SỐ KỸ THUẬT</h2>

  <table style=""width:100%;border-collapse:collapse;font-family:Arial,Helvetica,sans-serif;font-size:18px;"">
    <thead>
      <tr>
        <th style=""padding:12px 16px;border:1px solid #dddddd;background-color:#f5f5f5;font-weight:bold;color:#111111 !important;text-align:left;width:38%;"">Thông số</th>
        <th style=""padding:12px 16px;border:1px solid #dddddd;background-color:#f5f5f5;font-weight:bold;color:#111111 !important;text-align:left;"">Chi tiết</th>
      </tr>
    </thead>
    <tbody>
      <tr><td style=""padding:12px 16px;border:1px solid #dddddd;font-weight:bold;color:#111111 !important;"">Thương hiệu</td><td style=""padding:12px 16px;border:1px solid #dddddd;color:#111111 !important;"">SCS (SUCCESS ETC TECHNOLOGY CO., LTD) — Trung Quốc</td></tr>
      <tr><td style=""padding:12px 16px;border:1px solid #dddddd;font-weight:bold;color:#111111 !important;"">Model</td><td style=""padding:12px 16px;border:1px solid #dddddd;color:#111111 !important;"">SCS S10X</td></tr>
      <tr><td style=""padding:12px 16px;border:1px solid #dddddd;font-weight:bold;color:#111111 !important;"">Loại sản phẩm</td><td style=""padding:12px 16px;border:1px solid #dddddd;color:#111111 !important;"">Tai nghe Bluetooth Intercom 2 người gắn mũ bảo hiểm</td></tr>
      <tr><td style=""padding:12px 16px;border:1px solid #dddddd;font-weight:bold;color:#111111 !important;"">Bluetooth</td><td style=""padding:12px 16px;border:1px solid #dddddd;color:#111111 !important;"">Version 5.3</td></tr>
      <tr><td style=""padding:12px 16px;border:1px solid #dddddd;font-weight:bold;color:#111111 !important;"">Khoảng cách intercom</td><td style=""padding:12px 16px;border:1px solid #dddddd;color:#111111 !important;""><strong style=""color:#F90606 !important;"">1000m</strong> <span style=""font-size:14px;color:#6f6f6f !important;"">(điều kiện lý tưởng, đường thẳng, không vật cản)</span></td></tr>
      <tr><td style=""padding:12px 16px;border:1px solid #dddddd;font-weight:bold;color:#111111 !important;"">Số người kết nối</td><td style=""padding:12px 16px;border:1px solid #dddddd;color:#111111 !important;"">2 người đồng thời</td></tr>
      <tr><td style=""padding:12px 16px;border:1px solid #dddddd;font-weight:bold;color:#111111 !important;"">Pin sử dụng</td><td style=""padding:12px 16px;border:1px solid #dddddd;color:#111111 !important;""><strong style=""color:#F90606 !important;"">35 giờ</strong> intercom liên tục <span style=""font-size:14px;color:#6f6f6f !important;"">(theo spec hãng)</span></td></tr>
      <tr><td style=""padding:12px 16px;border:1px solid #dddddd;font-weight:bold;color:#111111 !important;"">Pin chờ (standby)</td><td style=""padding:12px 16px;border:1px solid #dddddd;color:#111111 !important;"">15 ngày</td></tr>
      <tr><td style=""padding:12px 16px;border:1px solid #dddddd;font-weight:bold;color:#111111 !important;"">Thời gian sạc đầy</td><td style=""padding:12px 16px;border:1px solid #dddddd;color:#111111 !important;"">2.5 giờ</td></tr>
      <tr><td style=""padding:12px 16px;border:1px solid #dddddd;font-weight:bold;color:#111111 !important;"">Chuẩn chống nước</td><td style=""padding:12px 16px;border:1px solid #dddddd;color:#111111 !important;""><strong style=""color:#F90606 !important;"">IP67</strong> — ngâm nước sâu 1m trong 30 phút</td></tr>
      <tr><td style=""padding:12px 16px;border:1px solid #dddddd;font-weight:bold;color:#111111 !important;"">Loa</td><td style=""padding:12px 16px;border:1px solid #dddddd;color:#111111 !important;"">40mm — CVC + DSP khử tiếng ồn kỹ thuật số</td></tr>
      <tr><td style=""padding:12px 16px;border:1px solid #dddddd;font-weight:bold;color:#111111 !important;"">Mic</td><td style=""padding:12px 16px;border:1px solid #dddddd;color:#111111 !important;"">Boom mic cứng + Pad mic mềm (kèm trong hộp)</td></tr>
      <tr><td style=""padding:12px 16px;border:1px solid #dddddd;font-weight:bold;color:#111111 !important;"">Tương thích mũ</td><td style=""padding:12px 16px;border:1px solid #dddddd;color:#111111 !important;"">Fullface và Mũ 3/4</td></tr>
      <tr><td style=""padding:12px 16px;border:1px solid #dddddd;font-weight:bold;color:#111111 !important;"">Hỗ trợ tiếng Việt</td><td style=""padding:12px 16px;border:1px solid #dddddd;color:#111111 !important;"">Có — thông báo giọng nói tiếng Việt</td></tr>
      <tr><td style=""padding:12px 16px;border:1px solid #dddddd;font-weight:bold;color:#111111 !important;"">Kết nối cross-brand</td><td style=""padding:12px 16px;border:1px solid #dddddd;color:#111111 !important;"">Tương thích Cardo, Sena theo dạng 1-1 (BT chuẩn) <span style=""font-size:14px;color:#6f6f6f !important;"">— không Mesh cross-brand</span></td></tr>
      <tr><td style=""padding:12px 16px;border:1px solid #dddddd;font-weight:bold;color:#111111 !important;"">Xuất xứ</td><td style=""padding:12px 16px;border:1px solid #dddddd;color:#111111 !important;"">Trung Quốc</td></tr>
      <tr><td style=""padding:12px 16px;border:1px solid #dddddd;font-weight:bold;color:#111111 !important;"">Bảo hành</td><td style=""padding:12px 16px;border:1px solid #dddddd;color:#111111 !important;"">24 tháng lỗi kỹ thuật/NSX <span style=""font-size:14px;color:#6f6f6f !important;"">· Không BH: va đập, cấn, móp, bể, vào nước do sử dụng</span></td></tr>
      <tr><td style=""padding:12px 16px;border:1px solid #dddddd;font-weight:bold;color:#111111 !important;"">Giá</td><td style=""padding:12px 16px;border:1px solid #dddddd;color:#111111 !important;""><strong style=""font-size:20px;color:#F90606 !important;"">1.550.000đ</strong></td></tr>
    </tbody>
  </table>

</div>","<div style=""font-family:Arial,Helvetica,sans-serif;font-size:18px;color:#111111;max-width:100%;"">

  <h2 style=""font-family:'Barlow Condensed',Arial,sans-serif;font-size:22px;font-weight:bold;text-transform:uppercase;color:#F90606 !important;margin:0 0 16px 0;letter-spacing:0.5px;"">TECHNICAL SPECIFICATIONS</h2>

  <table style=""width:100%;border-collapse:collapse;font-family:Arial,Helvetica,sans-serif;font-size:18px;"">
    <thead>
      <tr>
        <th style=""padding:12px 16px;border:1px solid #dddddd;background-color:#f5f5f5;font-weight:bold;color:#111111 !important;text-align:left;width:38%;"">Specification</th>
        <th style=""padding:12px 16px;border:1px solid #dddddd;background-color:#f5f5f5;font-weight:bold;color:#111111 !important;text-align:left;"">Detail</th>
      </tr>
    </thead>
    <tbody>
      <tr><td style=""padding:12px 16px;border:1px solid #dddddd;font-weight:bold;color:#111111 !important;"">Brand</td><td style=""padding:12px 16px;border:1px solid #dddddd;color:#111111 !important;"">SCS (SUCCESS ETC TECHNOLOGY CO., LTD) — China</td></tr>
      <tr><td style=""padding:12px 16px;border:1px solid #dddddd;font-weight:bold;color:#111111 !important;"">Model</td><td style=""padding:12px 16px;border:1px solid #dddddd;color:#111111 !important;"">SCS S10X</td></tr>
      <tr><td style=""padding:12px 16px;border:1px solid #dddddd;font-weight:bold;color:#111111 !important;"">Type</td><td style=""padding:12px 16px;border:1px solid #dddddd;color:#111111 !important;"">2-rider Bluetooth Intercom Headset for motorcycle helmets</td></tr>
      <tr><td style=""padding:12px 16px;border:1px solid #dddddd;font-weight:bold;color:#111111 !important;"">Bluetooth</td><td style=""padding:12px 16px;border:1px solid #dddddd;color:#111111 !important;"">Version 5.3</td></tr>
      <tr><td style=""padding:12px 16px;border:1px solid #dddddd;font-weight:bold;color:#111111 !important;"">Intercom range</td><td style=""padding:12px 16px;border:1px solid #dddddd;color:#111111 !important;""><strong style=""color:#F90606 !important;"">1000m</strong> <span style=""font-size:14px;color:#6f6f6f !important;"">(line-of-sight, no obstructions)</span></td></tr>
      <tr><td style=""padding:12px 16px;border:1px solid #dddddd;font-weight:bold;color:#111111 !important;"">Max simultaneous riders</td><td style=""padding:12px 16px;border:1px solid #dddddd;color:#111111 !important;"">2</td></tr>
      <tr><td style=""padding:12px 16px;border:1px solid #dddddd;font-weight:bold;color:#111111 !important;"">Battery life</td><td style=""padding:12px 16px;border:1px solid #dddddd;color:#111111 !important;""><strong style=""color:#F90606 !important;"">35 hours</strong> continuous intercom <span style=""font-size:14px;color:#6f6f6f !important;"">(per manufacturer spec)</span></td></tr>
      <tr><td style=""padding:12px 16px;border:1px solid #dddddd;font-weight:bold;color:#111111 !important;"">Standby</td><td style=""padding:12px 16px;border:1px solid #dddddd;color:#111111 !important;"">15 days</td></tr>
      <tr><td style=""padding:12px 16px;border:1px solid #dddddd;font-weight:bold;color:#111111 !important;"">Charge time</td><td style=""padding:12px 16px;border:1px solid #dddddd;color:#111111 !important;"">2.5 hours full charge</td></tr>
      <tr><td style=""padding:12px 16px;border:1px solid #dddddd;font-weight:bold;color:#111111 !important;"">Water resistance</td><td style=""padding:12px 16px;border:1px solid #dddddd;color:#111111 !important;""><strong style=""color:#F90606 !important;"">IP67</strong> — submerged 1m / 30 minutes</td></tr>
      <tr><td style=""padding:12px 16px;border:1px solid #dddddd;font-weight:bold;color:#111111 !important;"">Speaker</td><td style=""padding:12px 16px;border:1px solid #dddddd;color:#111111 !important;"">40mm — CVC + DSP digital noise cancellation</td></tr>
      <tr><td style=""padding:12px 16px;border:1px solid #dddddd;font-weight:bold;color:#111111 !important;"">Microphone</td><td style=""padding:12px 16px;border:1px solid #dddddd;color:#111111 !important;"">Hard boom mic + soft pad mic (both included)</td></tr>
      <tr><td style=""padding:12px 16px;border:1px solid #dddddd;font-weight:bold;color:#111111 !important;"">Helmet compatibility</td><td style=""padding:12px 16px;border:1px solid #dddddd;color:#111111 !important;"">Fullface and open-face (3/4)</td></tr>
      <tr><td style=""padding:12px 16px;border:1px solid #dddddd;font-weight:bold;color:#111111 !important;"">Voice language</td><td style=""padding:12px 16px;border:1px solid #dddddd;color:#111111 !important;"">Vietnamese voice prompts supported</td></tr>
      <tr><td style=""padding:12px 16px;border:1px solid #dddddd;font-weight:bold;color:#111111 !important;"">Cross-brand intercom</td><td style=""padding:12px 16px;border:1px solid #dddddd;color:#111111 !important;"">Pairs 1-to-1 with Cardo, Sena via standard BT <span style=""font-size:14px;color:#6f6f6f !important;"">— no Mesh cross-brand</span></td></tr>
      <tr><td style=""padding:12px 16px;border:1px solid #dddddd;font-weight:bold;color:#111111 !important;"">Country of origin</td><td style=""padding:12px 16px;border:1px solid #dddddd;color:#111111 !important;"">China</td></tr>
      <tr><td style=""padding:12px 16px;border:1px solid #dddddd;font-weight:bold;color:#111111 !important;"">Warranty</td><td style=""padding:12px 16px;border:1px solid #dddddd;color:#111111 !important;"">24 months technical/manufacturing defects <span style=""font-size:14px;color:#6f6f6f !important;"">· Excludes impact, crush, cracks, water damage from use</span></td></tr>
      <tr><td style=""padding:12px 16px;border:1px solid #dddddd;font-weight:bold;color:#111111 !important;"">Price</td><td style=""padding:12px 16px;border:1px solid #dddddd;color:#111111 !important;""><strong style=""font-size:20px;color:#F90606 !important;"">1,550,000 VND</strong></td></tr>
    </tbody>
  </table>

</div>",,,"Tai Nghe SCS S10X Intercom 2 Người – 35h Pin, IP67 | BigBike",,"SCS S10X intercom Bluetooth 2 người 1000m, 35 giờ pin thực tế, IP67, BT 5.3 tiếng Việt. Giá 1.550.000đ, đánh giá thật ưu nhược điểm tại BigBike.",,https://bigbike.vn/product/scs-s10x,/media/uploads/e02ce360-3d85-4bce-b749-53b709e6764e/tai-nghe-bluetooth-intercom-2-nguoi-gan-mu-bao-hiem-scs-s10x-anh-seo-og.jpg,SCSG7|T2PLUS|SCSS-13,FF800OB
SẢN PHẨM CHÍNH,MDS-CAB-TANCAR,MDS-CAB-TANCAR,MDS-CAB-TANCAR,CABERG TANAMI CARBON 2 IN 1,CABERG TANAMI CARBON - 2 IN 1,caberg-tanami-carbon-2-in-1,dual-sport,caberg,,Đã xuất bản,,,,,,,12000000,,Còn hàng,Không,/media/uploads/385d5e09-6952-4b29-8534-afbc43b3dc99/mu-bao-hiem-adventure-caberg-cacbon-tanami-mat-nghieng.jpg,,/media/uploads/385d5e09-6952-4b29-8534-afbc43b3dc99/mu-bao-hiem-adventure-caberg-cacbon-tanami-mat-nghieng.jpg|/media/uploads/8a947876-a763-42e6-9adb-a83e60d3a9b8/mu-bao-hiem-adventure-caberg-cacbon-tanami-mat-truoc.jpg|/media/uploads/f92e620c-a9fb-4bf6-b499-159096aa16b7/mu-bao-hiem-adventure-caberg-cacbon-tanami-tem-qcvn.jpg,,,,"<p><span style=""color: rgb(51, 51, 51);"">Mũ dual sport 2 in 1 vỏ carbon toàn phần, chuyển đổi on-road/off-road không cần dụng cụ. Dành cho rider ADV và dual sport đi cả đường nhựa lẫn địa hình.</span></p>","<p><span style=""color: rgb(51, 51, 51);"">Full carbon dual sport 2-in-1 helmet, converts between on-road and off-road without tools. Built for ADV and dual sport riders who ride both tarmac and trails.</span></p>",,,"<table style=""width:100%;border-collapse:collapse;font-size:14px;margin-bottom:20px;"">
  <thead>
    <tr>
      <th style=""background:#1A1A1A;color:#FFFFFF !important;padding:11px 16px;text-align:left;font-weight:600;letter-spacing:0.5px;width:35%;"">Thông số</th>
      <th style=""background:#1A1A1A;color:#FFFFFF !important;padding:11px 16px;text-align:left;font-weight:600;letter-spacing:0.5px;"">Chi tiết</th>
    </tr>
  </thead>
  <tbody>
    <tr style=""background:#FFFFFF;"">
      <td style=""padding:10px 16px;border:1px solid #E0E0E0;font-weight:600;color:#333333 !important;"">Thương hiệu</td>
      <td style=""padding:10px 16px;border:1px solid #E0E0E0;color:#333333 !important;"">Caberg (Ý – Caschi di Bergamo, thành lập 1974)</td>
    </tr>
    <tr style=""background:#F7F7F7;"">
      <td style=""padding:10px 16px;border:1px solid #E0E0E0;font-weight:600;color:#333333 !important;"">Model</td>
      <td style=""padding:10px 16px;border:1px solid #E0E0E0;color:#333333 !important;"">Tanami Carbon</td>
    </tr>
    <tr style=""background:#FFFFFF;"">
      <td style=""padding:10px 16px;border:1px solid #E0E0E0;font-weight:600;color:#333333 !important;"">Loại</td>
      <td style=""padding:10px 16px;border:1px solid #E0E0E0;color:#333333 !important;"">Mũ dual sport on-road / off-road (2 in 1)</td>
    </tr>
    <tr style=""background:#F7F7F7;"">
      <td style=""padding:10px 16px;border:1px solid #E0E0E0;font-weight:600;color:#333333 !important;"">Chất liệu vỏ</td>
      <td style=""padding:10px 16px;border:1px solid #E0E0E0;color:#333333 !important;"">Sợi carbon (carbon fiber) – 2 shell size</td>
    </tr>
    <tr style=""background:#FFFFFF;"">
      <td style=""padding:10px 16px;border:1px solid #E0E0E0;font-weight:600;color:#333333 !important;"">Trọng lượng</td>
      <td style=""padding:10px 16px;border:1px solid #E0E0E0;color:#333333 !important;"">
        <span style=""display:block;color:#333333 !important;"">Shell lớn (L–XXL): <strong>1.602g</strong> – cân thực tế tại BigBike</span>
        <span style=""display:block;font-size:13px;margin-top:3px;color:#666666 !important;"">Shell nhỏ (XS–M): 1.500g ± 50g theo tem hãng – chưa cân tại shop</span>
      </td>
    </tr>
    <tr style=""background:#F7F7F7;"">
      <td style=""padding:10px 16px;border:1px solid #E0E0E0;font-weight:600;color:#333333 !important;"">Chuẩn an toàn</td>
      <td style=""padding:10px 16px;border:1px solid #E0E0E0;color:#333333 !important;""><strong style=""color:#333333 !important;"">ECE 22.06</strong> – thử 18 điểm va chạm (chuẩn châu Âu mới nhất)</td>
    </tr>
    <tr style=""background:#FFFFFF;"">
      <td style=""padding:10px 16px;border:1px solid #E0E0E0;font-weight:600;color:#333333 !important;"">Thông gió</td>
      <td style=""padding:10px 16px;border:1px solid #E0E0E0;color:#333333 !important;"">1 vent cằm điều chỉnh được (nam châm tháo rời) · 2 vent đỉnh đầu · 2 cửa thoát khí sau tháo rời</td>
    </tr>
    <tr style=""background:#F7F7F7;"">
      <td style=""padding:10px 16px;border:1px solid #E0E0E0;font-weight:600;color:#333333 !important;"">Kính / màn che</td>
      <td style=""padding:10px 16px;border:1px solid #E0E0E0;color:#333333 !important;"">
        <span style=""display:block;color:#333333 !important;"">Kính ngoài chống xây xước + Pinlock Max Vision 70 kèm hộp</span>
        <span style=""display:block;margin-top:3px;color:#333333 !important;"">DVT kính râm tích hợp – cần gạt trái, dùng được khi đeo găng tay</span>
        <span style=""display:block;margin-top:3px;color:#333333 !important;"">Tháo kính không cần dụng cụ · Tương thích goggles motocross</span>
      </td>
    </tr>
    <tr style=""background:#FFFFFF;"">
      <td style=""padding:10px 16px;border:1px solid #E0E0E0;font-weight:600;color:#333333 !important;"">Khóa / cơ cấu đóng</td>
      <td style=""padding:10px 16px;border:1px solid #E0E0E0;color:#333333 !important;"">Double D-ring nhôm anốt</td>
    </tr>
    <tr style=""background:#F7F7F7;"">
      <td style=""padding:10px 16px;border:1px solid #E0E0E0;font-weight:600;color:#333333 !important;"">Lót trong</td>
      <td style=""padding:10px 16px;border:1px solid #E0E0E0;color:#333333 !important;"">Tháo giặt được hoàn toàn · Kháng khuẩn thoáng khí · Thân thiện da mặt</td>
    </tr>
    <tr style=""background:#FFFFFF;"">
      <td style=""padding:10px 16px;border:1px solid #E0E0E0;font-weight:600;color:#333333 !important;"">Size có sẵn</td>
      <td style=""padding:10px 16px;border:1px solid #E0E0E0;color:#333333 !important;"">XS · S · M · L · XL · XXL &nbsp;(2 shell: XS–M và L–XXL)</td>
    </tr>
    <tr style=""background:#F7F7F7;"">
      <td style=""padding:10px 16px;border:1px solid #E0E0E0;font-weight:600;color:#333333 !important;"">Màu có sẵn</td>
      <td style=""padding:10px 16px;border:1px solid #E0E0E0;color:#333333 !important;"">Vân carbon trơn (Carbon Black)</td>
    </tr>
    <tr style=""background:#FFFFFF;"">
      <td style=""padding:10px 16px;border:1px solid #E0E0E0;font-weight:600;color:#333333 !important;"">Tính năng đặc biệt</td>
      <td style=""padding:10px 16px;border:1px solid #E0E0E0;color:#333333 !important;"">
        <span style=""display:block;color:#333333 !important;"">SOS Medical ID NFC – cứu hộ đọc thông tin khẩn cấp không cần mở khóa điện thoại</span>
        <span style=""display:block;margin-top:3px;color:#333333 !important;"">Sẵn hốc loa Caberg Pro Speak Evo</span>
        <span style=""display:block;margin-top:3px;color:#333333 !important;"">Hỗ trợ ống nước uống trong chin guard</span>
      </td>
    </tr>
    <tr style=""background:#F7F7F7;"">
      <td style=""padding:10px 16px;border:1px solid #E0E0E0;font-weight:600;color:#333333 !important;"">Xuất xứ thương hiệu</td>
      <td style=""padding:10px 16px;border:1px solid #E0E0E0;color:#333333 !important;"">Thương hiệu Ý (Bergamo)</td>
    </tr>
    <tr style=""background:#FFFFFF;"">
      <td style=""padding:10px 16px;border:1px solid #E0E0E0;font-weight:600;color:#333333 !important;"">Sản xuất tại</td>
      <td style=""padding:10px 16px;border:1px solid #E0E0E0;color:#333333 !important;"">Ý</td>
    </tr>
    <tr style=""background:#F7F7F7;"">
      <td style=""padding:10px 16px;border:1px solid #E0E0E0;font-weight:600;color:#333333 !important;"">Bảo hành</td>
      <td style=""padding:10px 16px;border:1px solid #E0E0E0;color:#333333 !important;"">12 tháng tại BigBike</td>
    </tr>
    <tr style=""background:#FFFFFF;"">
      <td style=""padding:10px 16px;border:1px solid #E0E0E0;font-weight:600;color:#333333 !important;"">Giá</td>
      <td style=""padding:10px 16px;border:1px solid #E0E0E0;color:#333333 !important;""><strong style=""font-size:15px;color:#333333 !important;"">12.000.000đ</strong></td>
    </tr>
  </tbody>
</table>","<div style=""margin:0 0 24px 0;"">

  <h2 style=""font-family:'Barlow Condensed',Arial,sans-serif;font-size:22px;font-weight:bold;text-transform:uppercase;color:#F90606 !important;margin:0 0 16px 0;letter-spacing:0.5px;"">
    TECHNICAL SPECIFICATIONS
  </h2>

  <table style=""width:100%;border-collapse:collapse;font-family:Arial,Helvetica,sans-serif;font-size:18px;"">
    <thead>
      <tr>
        <th style=""padding:12px 16px;border:1px solid #dddddd;background-color:#f5f5f5;font-weight:bold;color:#111111 !important;text-align:left;width:32%;"">Specification</th>
        <th style=""padding:12px 16px;border:1px solid #dddddd;background-color:#f5f5f5;font-weight:bold;color:#111111 !important;text-align:left;"">Detail</th>
      </tr>
    </thead>
    <tbody>
      <tr style=""background-color:#ffffff;"">
        <td style=""padding:12px 16px;border:1px solid #dddddd;font-weight:bold;color:#111111 !important;"">Brand</td>
        <td style=""padding:12px 16px;border:1px solid #dddddd;color:#111111 !important;"">Caberg (Italy – Caschi di Bergamo, founded 1974)</td>
      </tr>
      <tr style=""background-color:#ffffff;"">
        <td style=""padding:12px 16px;border:1px solid #dddddd;font-weight:bold;color:#111111 !important;"">Model</td>
        <td style=""padding:12px 16px;border:1px solid #dddddd;color:#111111 !important;"">Tanami Carbon</td>
      </tr>
      <tr style=""background-color:#ffffff;"">
        <td style=""padding:12px 16px;border:1px solid #dddddd;font-weight:bold;color:#111111 !important;"">Type</td>
        <td style=""padding:12px 16px;border:1px solid #dddddd;color:#111111 !important;"">Dual-sport on-road / off-road helmet (2-in-1)</td>
      </tr>
      <tr style=""background-color:#ffffff;"">
        <td style=""padding:12px 16px;border:1px solid #dddddd;font-weight:bold;color:#111111 !important;"">Shell material</td>
        <td style=""padding:12px 16px;border:1px solid #dddddd;color:#111111 !important;"">Carbon fiber – 2 shell sizes</td>
      </tr>
      <tr style=""background-color:#ffffff;"">
        <td style=""padding:12px 16px;border:1px solid #dddddd;font-weight:bold;color:#111111 !important;"">Weight</td>
        <td style=""padding:12px 16px;border:1px solid #dddddd;color:#111111 !important;"">
          <span style=""display:block;color:#111111 !important;"">Large shell (L–XXL): <strong style=""color:#F90606 !important;"">1,602g</strong> – weighed in-store at BigBike</span>
          <span style=""display:block;font-size:14px;color:#6f6f6f !important;margin-top:4px;"">Small shell (XS–M): 1,500g ± 50g per manufacturer label – not yet weighed in-store</span>
        </td>
      </tr>
      <tr style=""background-color:#ffffff;"">
        <td style=""padding:12px 16px;border:1px solid #dddddd;font-weight:bold;color:#111111 !important;"">Safety certification</td>
        <td style=""padding:12px 16px;border:1px solid #dddddd;color:#111111 !important;""><strong style=""color:#111111 !important;"">ECE 22.06</strong> – 18-point impact testing (latest European standard)</td>
      </tr>
      <tr style=""background-color:#ffffff;"">
        <td style=""padding:12px 16px;border:1px solid #dddddd;font-weight:bold;color:#111111 !important;"">Ventilation</td>
        <td style=""padding:12px 16px;border:1px solid #dddddd;color:#111111 !important;"">1 adjustable chin vent (removable magnetic) · 2 crown vents · 2 removable rear exhaust vents</td>
      </tr>
      <tr style=""background-color:#ffffff;"">
        <td style=""padding:12px 16px;border:1px solid #dddddd;font-weight:bold;color:#111111 !important;"">Visor / shield</td>
        <td style=""padding:12px 16px;border:1px solid #dddddd;color:#111111 !important;"">
          <span style=""display:block;color:#111111 !important;"">Scratch-resistant outer visor + Pinlock Max Vision 70 included in box</span>
          <span style=""display:block;margin-top:4px;color:#111111 !important;"">Integrated sun visor (left-side lever) – operable while wearing gloves</span>
          <span style=""display:block;margin-top:4px;color:#111111 !important;"">Tool-free visor removal · Compatible with motocross goggles</span>
        </td>
      </tr>
      <tr style=""background-color:#ffffff;"">
        <td style=""padding:12px 16px;border:1px solid #dddddd;font-weight:bold;color:#111111 !important;"">Fastening system</td>
        <td style=""padding:12px 16px;border:1px solid #dddddd;color:#111111 !important;"">Anodised aluminium double D-ring</td>
      </tr>
      <tr style=""background-color:#ffffff;"">
        <td style=""padding:12px 16px;border:1px solid #dddddd;font-weight:bold;color:#111111 !important;"">Interior lining</td>
        <td style=""padding:12px 16px;border:1px solid #dddddd;color:#111111 !important;"">Fully removable and washable · Anti-bacterial, breathable · Skin-friendly</td>
      </tr>
      <tr style=""background-color:#ffffff;"">
        <td style=""padding:12px 16px;border:1px solid #dddddd;font-weight:bold;color:#111111 !important;"">Available sizes</td>
        <td style=""padding:12px 16px;border:1px solid #dddddd;color:#111111 !important;"">XS · S · M · L · XL · XXL &nbsp;(2 shells: XS–M and L–XXL)</td>
      </tr>
      <tr style=""background-color:#ffffff;"">
        <td style=""padding:12px 16px;border:1px solid #dddddd;font-weight:bold;color:#111111 !important;"">Available colours</td>
        <td style=""padding:12px 16px;border:1px solid #dddddd;color:#111111 !important;"">Plain carbon weave (Carbon Black)</td>
      </tr>
      <tr style=""background-color:#ffffff;"">
        <td style=""padding:12px 16px;border:1px solid #dddddd;font-weight:bold;color:#111111 !important;"">Special features</td>
        <td style=""padding:12px 16px;border:1px solid #dddddd;color:#111111 !important;"">
          <span style=""display:block;color:#111111 !important;"">SOS Medical ID NFC – lets first responders read emergency info without unlocking your phone</span>
          <span style=""display:block;margin-top:4px;color:#111111 !important;"">Pre-cut speaker pockets for Caberg Pro Speak Evo</span>
          <span style=""display:block;margin-top:4px;color:#111111 !important;"">Hydration tube routing through the chin guard</span>
        </td>
      </tr>
      <tr style=""background-color:#ffffff;"">
        <td style=""padding:12px 16px;border:1px solid #dddddd;font-weight:bold;color:#111111 !important;"">Brand origin</td>
        <td style=""padding:12px 16px;border:1px solid #dddddd;color:#111111 !important;"">Italian brand (Bergamo)</td>
      </tr>
      <tr style=""background-color:#ffffff;"">
        <td style=""padding:12px 16px;border:1px solid #dddddd;font-weight:bold;color:#111111 !important;"">Made in</td>
        <td style=""padding:12px 16px;border:1px solid #dddddd;color:#111111 !important;"">Italy</td>
      </tr>
      <tr style=""background-color:#ffffff;"">
        <td style=""padding:12px 16px;border:1px solid #dddddd;font-weight:bold;color:#111111 !important;"">Warranty</td>
        <td style=""padding:12px 16px;border:1px solid #dddddd;color:#111111 !important;"">24 months per Caberg manufacturer policy</td>
      </tr>
      <tr style=""background-color:#ffffff;"">
        <td style=""padding:12px 16px;border:1px solid #dddddd;font-weight:bold;color:#111111 !important;"">Price</td>
        <td style=""padding:12px 16px;border:1px solid #dddddd;color:#111111 !important;""><strong style=""font-size:20px;color:#F90606 !important;"">12,000,000 VND</strong></td>
      </tr>
    </tbody>
  </table>

</div>",,,CABERG TANAMI CARBON - 2 IN 1,Caberg Tanami Carbon - 2 in 1,"Caberg Tanami Carbon dual sport 2 in 1, vỏ carbon, cân thực tế 1.602g (size L), ECE 22.06. Giá 12.000.000đ, đánh giá thật ưu nhược điểm tại BigBike.","Caberg Tanami Carbon dual sport 2-in-1 helmet, carbon shell, actual weight 1.602g (size L), ECE 22.06 certified. Price 12,000,000 VND, honest review at BigBike.",https://bigbike.vn/product/caberg-tanami-carbon-2-in-1,,CB-DRIFT|FF900IIC,TNB-SCS-S10X|KOM-269
BIẾN THỂ,MDS-CAB-TANCAR,,MDS-CAB-TANCAR-BK-XS,,,,,,,,Size,XS,,,,,12000000,,Còn hàng,,,,,,,,,,,,,,,,,,,,,,,
BIẾN THỂ,MDS-CAB-TANCAR,,MDS-CAB-TANCAR-BK-S,,,,,,,,Size,S,,,,,12000000,,Còn hàng,,,,,,,,,,,,,,,,,,,,,,,
BIẾN THỂ,MDS-CAB-TANCAR,,MDS-CAB-TANCAR-BK-M,,,,,,,,Size,M,,,,,12000000,,Còn hàng,,,,,,,,,,,,,,,,,,,,,,,
BIẾN THỂ,MDS-CAB-TANCAR,,MDS-CAB-TANCAR-BK-L,,,,,,,,Size,L,,,,,12000000,,Còn hàng,,,,,,,,,,,,,,,,,,,,,,,
BIẾN THỂ,MDS-CAB-TANCAR,,MDS-CAB-TANCAR-BK-XL,,,,,,,,Size,XL,,,,,12000000,,Còn hàng,,,,,,,,,,,,,,,,,,,,,,,
BIẾN THỂ,MDS-CAB-TANCAR,,MDS-CAB-TANCAR-BK-3XL,,,,,,,,Size,3XL,,,,,12000000,,Còn hàng,,,,,,,,,,,,,,,,,,,,,,,
